{
  "generation_tokens": 19,
  "latencies_ms": [
    72.2164,
    43.708291,
    42.528985,
    42.678712,
    42.711284,
    42.668979,
    43.303846,
    43.361663,
    43.877138,
    44.288175,
    44.735991000000006,
    44.444049,
    44.067387,
    44.472530000000006,
    44.719367000000005,
    44.277251,
    43.761974,
    43.502934,
    43.148593999999996,
    42.687259
  ],
  "prompt_ms": 72.2164
}