{
  "generation_tokens": 19,
  "latencies_ms": [
    71.900288,
    43.333177,
    43.334168999999996,
    44.490404,
    43.050888,
    42.861386,
    42.269899,
    42.636208,
    43.714999,
    44.326629,
    44.052091000000004,
    44.074599,
    43.968263,
    44.728629,
    44.277769,
    44.198628,
    43.885510000000004,
    43.555009,
    42.90726,
    43.237954
  ],
  "prompt_ms": 71.900288
}