{
  "generation_tokens": 19,
  "latencies_ms": [
    77.984648,
    47.564739,
    47.570579,
    47.29932,
    47.38058,
    47.091819,
    47.635636000000005,
    47.456307,
    47.560396999999995,
    47.596014,
    47.268966000000006,
    47.878972999999995,
    47.860661,
    47.569985,
    48.126276000000004,
    47.968624,
    47.937646,
    47.791467,
    48.136376,
    48.058032
  ],
  "prompt_ms": 77.984648
}