{
  "generation_tokens": 19,
  "latencies_ms": [
    71.567691,
    43.288716,
    42.570732,
    42.723822,
    42.873757,
    42.596638,
    42.733434,
    42.890096,
    43.017852000000005,
    42.827773,
    42.73548,
    43.274412,
    42.401964,
    43.319523,
    42.795146,
    42.816568,
    43.123043,
    42.951063,
    43.062985,
    42.931117
  ],
  "prompt_ms": 71.567691
}