{
  "generation_tokens": 19,
  "latencies_ms": [
    73.057286,
    43.087696,
    43.0602,
    43.173958999999996,
    42.865486000000004,
    43.228623,
    43.030114000000005,
    42.878022,
    42.437615,
    43.268476,
    43.38488,
    44.357658,
    44.873722,
    44.392695,
    44.727894,
    44.712198,
    44.184191,
    44.069854,
    43.713823999999995,
    43.819954
  ],
  "prompt_ms": 73.057286
}