{
  "generation_tokens": 19,
  "latencies_ms": [
    72.039383,
    42.711656,
    42.535272,
    42.153299,
    42.688489000000004,
    41.937608000000004,
    41.765525,
    42.036778,
    42.26208,
    42.220236,
    42.485908,
    43.234612,
    42.863354,
    42.929776000000004,
    43.504563000000005,
    43.392057,
    43.112997,
    42.778406,
    43.002073,
    43.035936
  ],
  "prompt_ms": 72.039383
}