{
  "generation_tokens": 19,
  "latencies_ms": [
    72.74683499999999,
    42.929293,
    43.04771,
    41.956084999999995,
    41.648257,
    42.100764,
    41.639164,
    41.718997,
    41.517582999999995,
    41.96973,
    42.101075,
    42.135104999999996,
    41.79354,
    41.790131,
    41.942277,
    41.356266000000005,
    41.979116,
    41.727208000000005,
    42.263298999999996,
    42.215572
  ],
  "prompt_ms": 72.74683499999999
}