{
  "generation_tokens": 19,
  "latencies_ms": [
    73.23905599999999,
    42.943529,
    42.542037,
    42.388667999999996,
    42.695268,
    41.932758,
    42.305071,
    42.193342,
    42.661342999999995,
    42.539129,
    42.01845,
    41.992245,
    42.147527,
    41.820524999999996,
    42.120469,
    41.875837,
    41.886687,
    42.150655,
    42.056644999999996,
    41.727192
  ],
  "prompt_ms": 73.23905599999999
}