{
  "generation_tokens": 19,
  "latencies_ms": [
    71.929307,
    43.261902,
    42.113823000000004,
    42.160212,
    41.697053999999994,
    41.877869999999994,
    42.547735,
    42.088401,
    42.251178,
    42.322464,
    42.399087,
    42.215925,
    42.20488,
    42.257234999999994,
    43.109594,
    43.823546,
    42.942085,
    43.020466,
    42.428332,
    42.233663
  ],
  "prompt_ms": 71.929307
}