{
  "generation_tokens": 19,
  "latencies_ms": [
    71.93090500000001,
    42.740989,
    42.092993,
    41.92805,
    41.950553,
    42.11279,
    41.843034,
    42.266093999999995,
    42.192268999999996,
    42.170981000000005,
    41.72464,
    42.434842,
    42.25363,
    42.590458999999996,
    42.399382,
    42.359520999999994,
    42.477831,
    41.918247,
    42.459920999999994,
    42.016339
  ],
  "prompt_ms": 71.93090500000001
}