{
  "generation_tokens": 19,
  "latencies_ms": [
    94.936107,
    48.354907000000004,
    48.649274,
    49.108715999999994,
    48.081405000000004,
    48.161732,
    47.792787000000004,
    48.296715,
    48.282625,
    48.197425,
    48.668335,
    49.031744,
    48.337826,
    48.316194,
    48.295847,
    48.119934,
    48.238874,
    48.601276,
    48.971225,
    48.598914
  ],
  "prompt_ms": 94.936107
}