{
  "generation_tokens": 19,
  "latencies_ms": [
    97.696797,
    49.078286999999996,
    48.125906,
    48.320274000000005,
    48.429276,
    49.418834000000004,
    48.301215,
    48.089982000000006,
    49.063846,
    48.180614,
    48.007306,
    48.488994,
    47.985034000000006,
    48.384986,
    47.969734,
    48.760096000000004,
    48.546394,
    48.852955,
    48.611473000000004,
    48.312925
  ],
  "prompt_ms": 97.696797
}