{
  "generation_tokens": 19,
  "latencies_ms": [
    96.653874,
    49.903331,
    48.325596,
    49.085965,
    48.880465,
    49.297954,
    49.034473000000006,
    48.852207,
    48.688464,
    48.645195,
    49.190023,
    48.915326,
    49.371604,
    49.410694,
    49.283603,
    49.387656,
    48.712935,
    49.414553,
    49.298415999999996,
    49.608425
  ],
  "prompt_ms": 96.653874
}