{
  "generation_tokens": 19,
  "latencies_ms": [
    100.250798,
    48.357715000000006,
    48.812363999999995,
    48.070006,
    48.424194,
    48.539972,
    49.348797,
    49.238943,
    48.663266,
    48.895266,
    49.513785,
    49.463034,
    48.232705,
    48.429975,
    48.869874,
    48.590084999999995,
    49.682804,
    49.006955,
    49.057933999999996,
    49.267785
  ],
  "prompt_ms": 100.250798
}