{
  "generation_tokens": 19,
  "latencies_ms": [
    98.952126,
    49.129617,
    48.456026,
    48.273264000000005,
    47.623034000000004,
    47.838065,
    47.715953,
    48.506816,
    47.994094000000004,
    48.406327,
    48.406333000000004,
    47.858546000000004,
    48.052575,
    47.421284,
    48.125055,
    48.058845000000005,
    48.362823999999996,
    47.724695999999994,
    48.422595,
    48.448114000000004
  ],
  "prompt_ms": 98.952126
}