{
  "generation_tokens": 19,
  "latencies_ms": [
    89.224575,
    48.244627,
    47.853658,
    47.467247,
    46.518047,
    47.211507,
    47.440737,
    46.419387,
    48.085757,
    48.709567,
    48.051866,
    47.714135999999996,
    47.865815999999995,
    47.437076000000005,
    53.554667,
    47.896476,
    47.133255999999996,
    47.418397,
    49.428086,
    49.28109499999999
  ],
  "prompt_ms": 89.224575
}