{
  "generation_tokens": 19,
  "latencies_ms": [
    90.095925,
    48.597358,
    47.324227,
    47.303317,
    48.597417,
    48.257927,
    47.580977000000004,
    47.625188,
    47.095447,
    47.763047,
    47.085646000000004,
    47.799524000000005,
    86.00511499999999,
    48.066356,
    48.336856,
    47.769827,
    47.261496,
    47.387456,
    47.148887,
    47.203397
  ],
  "prompt_ms": 90.095925
}