{
  "generation_tokens": 19,
  "latencies_ms": [
    89.950045,
    46.731246999999996,
    47.097997,
    46.960647,
    46.490507,
    46.782396,
    47.423515,
    46.914446999999996,
    47.255787,
    47.772456999999996,
    46.922007,
    47.025397,
    46.753246999999995,
    47.485407,
    47.088056,
    46.909067,
    46.826686,
    46.824768000000006,
    46.472037,
    47.380637
  ],
  "prompt_ms": 89.950045
}