{
  "generation_tokens": 19,
  "latencies_ms": [
    89.010795,
    47.417956999999994,
    46.370848,
    46.271727,
    46.253437,
    45.731067,
    46.965748000000005,
    47.482637000000004,
    47.604248,
    46.813087,
    46.651436999999994,
    46.951957,
    47.191587,
    48.337086,
    47.894278,
    47.641678,
    46.694176,
    48.191557,
    48.159996,
    47.229136999999994
  ],
  "prompt_ms": 89.010795
}