{
  "generation_tokens": 19,
  "latencies_ms": [
    88.96757299999999,
    47.955487,
    47.435717000000004,
    47.597576000000004,
    47.211107000000005,
    46.407207,
    47.689747,
    46.761877,
    46.267186,
    46.743248,
    46.805117,
    46.814947000000004,
    46.680007,
    46.471097,
    46.697167,
    46.946486,
    46.654947,
    46.956596000000005,
    46.499168,
    46.368206
  ],
  "prompt_ms": 88.96757299999999
}