{
  "generation_tokens": 19,
  "latencies_ms": [
    94.047297,
    41.011026,
    41.647934,
    43.128319,
    42.386499,
    42.526262,
    41.604069,
    40.984243,
    41.323476,
    41.492896,
    43.274253,
    43.650622999999996,
    42.101008,
    41.310316,
    41.119729,
    41.524548,
    42.229083,
    42.467935,
    43.031544999999994,
    42.67256
  ],
  "prompt_ms": 94.047297
}