{
  "generation_tokens": 19,
  "latencies_ms": [
    90.750597,
    39.432286,
    39.657078,
    40.533238,
    39.255686999999995,
    40.33331200000001,
    41.00491400000001,
    40.077157,
    40.217206,
    40.4409,
    40.459450000000004,
    41.231862,
    40.402874999999995,
    39.186737,
    40.534617000000004,
    41.385971,
    40.070261,
    40.486245,
    40.017855999999995,
    40.927693
  ],
  "prompt_ms": 90.750597
}