{
  "generation_tokens": 19,
  "latencies_ms": [
    91.57657800000001,
    40.817935999999996,
    40.438354000000004,
    40.879615,
    40.979874,
    40.963157,
    41.053721,
    41.237412,
    41.231668,
    40.951539000000004,
    41.264165999999996,
    40.907936,
    41.292869,
    41.427664,
    41.457467,
    41.084832,
    41.078074,
    41.885235,
    41.30820000000001,
    41.755854
  ],
  "prompt_ms": 91.57657800000001
}