{
  "generation_tokens": 19,
  "latencies_ms": [
    92.321014,
    41.837965999999994,
    42.122209,
    41.703687,
    41.699847,
    41.886616000000004,
    41.651136,
    42.484083,
    42.214625,
    41.853764,
    42.097744999999996,
    41.697262,
    41.992784,
    42.279116,
    41.62025,
    41.584903,
    41.479087,
    42.5244,
    42.005526,
    41.776719
  ],
  "prompt_ms": 92.321014
}