{
  "generation_tokens": 19,
  "latencies_ms": [
    93.91651800000001,
    42.898976999999995,
    43.968072,
    44.199959,
    44.256755,
    45.143243999999996,
    44.98215,
    44.139776999999995,
    43.837427999999996,
    43.632171,
    43.868722999999996,
    45.014637,
    44.978587,
    44.373523999999996,
    42.876314,
    43.723702,
    43.799948,
    44.621408,
    45.248284999999996,
    44.068518
  ],
  "prompt_ms": 93.91651800000001
}