{
  "generation_tokens": 19,
  "latencies_ms": [
    105.15100199999999,
    48.102252,
    48.990806,
    49.74767,
    48.354225,
    48.18498,
    48.999368000000004,
    48.951425,
    49.158337,
    48.985166,
    48.317079,
    48.059479,
    48.828531,
    48.804288,
    49.24952,
    48.207525000000004,
    47.585546,
    48.885452,
    48.94554,
    48.748413
  ],
  "prompt_ms": 105.15100199999999
}