{
  "generation_tokens": 19,
  "latencies_ms": [
    94.351628,
    42.068630000000006,
    41.851509,
    41.758477,
    41.929488,
    42.060356,
    41.953627,
    41.794551999999996,
    41.981916,
    42.030181,
    41.803811,
    41.835671,
    41.894807,
    42.018409999999996,
    42.019128,
    42.409530000000004,
    42.100393,
    41.950696,
    42.098875,
    42.771358
  ],
  "prompt_ms": 94.351628
}