{
  "generation_tokens": 19,
  "latencies_ms": [
    96.705708,
    44.407123,
    44.498015,
    44.441141,
    44.985121,
    46.507444,
    44.138717,
    44.390824,
    44.057188999999994,
    44.053697,
    43.558013,
    42.876988999999995,
    43.004237,
    42.599195,
    42.807009,
    41.804587,
    42.219175,
    41.866403000000005,
    41.900572,
    42.050926000000004
  ],
  "prompt_ms": 96.705708
}