{
  "generation_tokens": 19,
  "latencies_ms": [
    96.261428,
    44.565357,
    43.414343,
    42.825251,
    43.479545,
    43.327958,
    44.22661,
    43.56331,
    43.656764,
    43.928064000000006,
    43.842614000000005,
    43.723782,
    43.570245,
    43.799296,
    43.865100999999996,
    44.147301999999996,
    44.263099,
    44.961599,
    44.243339,
    44.076798000000004
  ],
  "prompt_ms": 96.261428
}