{
  "generation_tokens": 19,
  "latencies_ms": [
    95.04992299999999,
    42.62238,
    42.850498,
    42.837932,
    42.300250999999996,
    42.577741,
    42.358149999999995,
    42.192873,
    42.432933999999996,
    42.335228,
    42.219558,
    42.46110899999999,
    42.459469,
    42.340647000000004,
    42.362289,
    42.165169000000006,
    42.202468,
    42.520626,
    42.656304,
    43.017727
  ],
  "prompt_ms": 95.04992299999999
}