{
  "generation_tokens": 19,
  "latencies_ms": [
    106.198668,
    48.92524,
    49.075737000000004,
    49.078281000000004,
    49.69622,
    49.852335999999994,
    49.221513,
    49.385465,
    49.17974,
    50.372820999999995,
    50.499598999999996,
    50.041945,
    49.482631,
    49.160295,
    49.298165,
    50.066609,
    50.348378,
    48.602982000000004,
    48.580023,
    48.814063999999995
  ],
  "prompt_ms": 106.198668
}