{
  "generation_tokens": 19,
  "latencies_ms": [
    126.15032400000001,
    57.693644,
    58.204604,
    57.0666,
    57.47757,
    58.275958,
    59.509944000000004,
    60.228421999999995,
    59.627291,
    61.046636,
    62.719918,
    63.342212999999994,
    61.971832,
    61.388144,
    62.44593,
    64.586331,
    65.449793,
    64.486817,
    65.30272,
    67.42203300000001
  ],
  "prompt_ms": 126.15032400000001
}