{
  "generation_tokens": 19,
  "latencies_ms": [
    99.108909,
    43.919563000000004,
    44.361108,
    44.404424,
    45.210347,
    44.685324,
    44.526779000000005,
    44.319786,
    44.652626,
    44.557474,
    44.851901,
    44.775266,
    45.205045999999996,
    44.66807,
    45.076638,
    44.980014,
    45.027813,
    44.794929999999994,
    45.272445000000005,
    44.851605
  ],
  "prompt_ms": 99.108909
}