{
  "generation_tokens": 19,
  "latencies_ms": [
    102.949111,
    45.189482000000005,
    45.975096,
    45.640806999999995,
    46.107969999999995,
    45.809852,
    46.37397,
    46.117408,
    46.620174,
    47.192046000000005,
    47.089952,
    47.333386999999995,
    46.814726,
    45.829798999999994,
    47.056868,
    46.621735,
    47.27121,
    46.192052999999994,
    46.167041999999995,
    46.321937
  ],
  "prompt_ms": 102.949111
}