{
  "generation_tokens": 19,
  "latencies_ms": [
    100.896801,
    48.308085,
    48.67316700000001,
    47.088789999999996,
    46.390583,
    47.099706999999995,
    48.897552,
    48.92684,
    47.564684,
    47.126028,
    48.380002,
    49.091507,
    48.785513,
    47.248966,
    46.983792,
    47.270587000000006,
    46.756375000000006,
    49.029286,
    49.178844999999995,
    47.868172
  ],
  "prompt_ms": 100.896801
}