{
  "generation_tokens": 19,
  "latencies_ms": [
    55.479780999999996,
    26.956085,
    26.339081,
    26.457380999999998,
    27.068186,
    26.612182,
    26.526582,
    26.977085000000002,
    26.24208,
    26.555683,
    25.983678,
    26.010078,
    26.091079,
    26.272081,
    26.042479,
    26.133480000000002,
    26.14768,
    26.317281,
    26.097879000000002,
    26.21598
  ],
  "prompt_ms": 55.479780999999996
}