{
  "generation_tokens": 19,
  "latencies_ms": [
    60.983919,
    27.338587,
    26.854884,
    26.585982,
    26.21768,
    26.18258,
    26.445982,
    26.652183,
    26.493982,
    26.526882,
    26.039479,
    26.025979,
    26.172379999999997,
    26.085979,
    26.22108,
    25.800077,
    25.821977,
    26.264181,
    26.26588,
    25.998878
  ],
  "prompt_ms": 60.983919
}