{
  "generation_tokens": 19,
  "latencies_ms": [
    54.113672,
    27.810191000000003,
    28.757597,
    27.287887,
    27.597189,
    27.721791,
    28.533196,
    28.488395,
    27.170986000000003,
    27.503389,
    26.602183,
    26.833783999999998,
    28.579896,
    27.370586999999997,
    26.555782,
    26.827084,
    26.473182,
    26.369481,
    26.059079,
    25.765677
  ],
  "prompt_ms": 54.113672
}