{
  "generation_tokens": 19,
  "latencies_ms": [
    57.704896,
    27.087986,
    26.556882,
    26.458381,
    26.372781,
    26.583282,
    26.542282,
    27.026286,
    27.007986000000002,
    26.627383000000002,
    27.300088,
    26.352281,
    26.953985,
    26.783184000000002,
    26.553583,
    26.180780000000002,
    26.22778,
    26.895685,
    26.678283,
    26.25028
  ],
  "prompt_ms": 57.704896
}