{
  "generation_tokens": 19,
  "latencies_ms": [
    57.256993,
    26.701383,
    26.059479,
    26.382181000000003,
    26.547482000000002,
    25.796077,
    26.292381,
    26.21008,
    26.238081,
    26.563982,
    25.898378,
    26.048679,
    26.009279,
    25.984378999999997,
    26.103679,
    25.831377,
    26.233881,
    26.573483,
    27.895191999999998,
    26.329581
  ],
  "prompt_ms": 57.256993
}