{
  "generation_tokens": 19,
  "latencies_ms": [
    57.781897,
    27.114986000000002,
    27.025086,
    26.679384,
    26.329581,
    26.28458,
    26.939285,
    26.010579,
    26.220779999999998,
    27.501288,
    26.868384,
    26.363181,
    26.641583,
    26.372981,
    26.670783,
    26.696783000000003,
    26.295781,
    26.858685,
    27.255487,
    26.506482000000002
  ],
  "prompt_ms": 57.781897
}