{
  "generation_tokens": 19,
  "latencies_ms": [
    59.472409,
    27.504889000000002,
    27.246686999999998,
    27.080086,
    27.331788,
    27.795691,
    26.882684,
    27.207786000000002,
    26.774584,
    28.032892,
    27.245587,
    27.501089,
    28.502495,
    27.361488,
    27.208187000000002,
    27.265887999999997,
    27.475689000000003,
    27.240087,
    27.450588,
    27.578490000000002
  ],
  "prompt_ms": 59.472409
}