{
  "generation_tokens": 19,
  "latencies_ms": [
    64.663544,
    27.65689,
    27.499988,
    27.63769,
    26.980185,
    27.276587000000003,
    27.750291,
    27.742891,
    28.388495,
    26.921484999999997,
    26.796084,
    26.875385,
    26.602483,
    26.556682000000002,
    26.578882,
    26.783984,
    27.060086000000002,
    26.15008,
    26.786884,
    26.650283
  ],
  "prompt_ms": 64.663544
}