{
  "generation_tokens": 19,
  "latencies_ms": [
    59.757310000000004,
    26.702083000000002,
    26.598383,
    26.927485,
    27.368488,
    27.175486,
    27.020485,
    27.108186,
    27.001486,
    26.562683,
    26.680982999999998,
    26.514481999999997,
    27.508188999999998,
    26.640583,
    26.612282,
    26.650783,
    27.214487,
    27.648189,
    26.747984,
    27.091386
  ],
  "prompt_ms": 59.757310000000004
}