{
  "generation_tokens": 19,
  "latencies_ms": [
    56.968590999999996,
    31.978419000000002,
    30.778511,
    30.627411,
    31.549817,
    30.674611000000002,
    31.026213000000002,
    31.550615999999998,
    31.019013,
    30.234208,
    30.56721,
    30.401208999999998,
    30.243508,
    30.780611999999998,
    32.587424,
    30.722110999999998,
    29.926705000000002,
    31.460715999999998,
    27.63209,
    26.914984999999998
  ],
  "prompt_ms": 56.968590999999996
}