{
  "generation_tokens": 19,
  "latencies_ms": [
    96.304165,
    49.837329,
    49.920141,
    49.505995999999996,
    50.316903,
    49.446534,
    49.636084,
    50.028909000000006,
    49.787845,
    49.101638,
    50.349088,
    50.074973,
    49.705425999999996,
    50.189569000000006,
    49.821769,
    49.274031,
    49.122586000000005,
    49.488212,
    49.436675,
    49.489196
  ],
  "prompt_ms": 96.304165
}