{
  "generation_tokens": 19,
  "latencies_ms": [
    101.874099,
    49.900893,
    49.325529,
    49.696849,
    49.919109000000006,
    50.051303,
    49.601394,
    49.97386,
    50.371055,
    49.557601,
    50.315397999999995,
    51.155737,
    49.776295,
    50.220013,
    50.439107,
    50.102179,
    50.13313,
    49.579539,
    49.369389999999996,
    49.902289
  ],
  "prompt_ms": 101.874099
}