{
  "generation_tokens": 19,
  "latencies_ms": [
    102.510003,
    49.80747,
    51.176963,
    49.802936,
    49.433902,
    50.492762,
    49.345295,
    49.283414,
    49.81079,
    49.503962,
    49.205564,
    49.562081,
    49.557055000000005,
    49.824585,
    48.999081,
    49.986351,
    50.010859999999994,
    49.548441,
    50.311786,
    51.1374
  ],
  "prompt_ms": 102.510003
}