{
  "generation_tokens": 19,
  "latencies_ms": [
    103.492902,
    49.976636,
    50.126104,
    49.741629,
    49.195779,
    49.264791,
    49.087134,
    49.026406,
    50.14188,
    49.06364,
    48.657016999999996,
    49.033452,
    49.566574,
    49.781719,
    49.635020000000004,
    49.341133,
    50.105679,
    49.623682,
    49.141839,
    49.29196
  ],
  "prompt_ms": 103.492902
}