{
  "generation_tokens": 19,
  "latencies_ms": [
    103.980608,
    50.058482,
    50.448426999999995,
    49.51459,
    49.305293,
    49.618277,
    49.468804999999996,
    49.475046,
    50.246677,
    48.881029,
    48.870279000000004,
    49.387489,
    49.752136,
    49.2946,
    49.946864,
    49.587661,
    49.000851,
    50.294542,
    49.368165,
    49.623629
  ],
  "prompt_ms": 103.980608
}