{
  "generation_tokens": 19,
  "latencies_ms": [
    69.822519,
    42.20033,
    42.628959,
    41.880627,
    42.030260999999996,
    44.269898000000005,
    42.647240000000004,
    43.217585,
    42.334092,
    42.499888999999996,
    42.324999000000005,
    42.066349,
    42.278288999999994,
    42.609679,
    42.150228,
    42.385461,
    42.167296,
    42.169508,
    42.082508,
    42.151624999999996
  ],
  "prompt_ms": 69.822519
}