{
  "generation_tokens": 19,
  "latencies_ms": [
    70.837476,
    41.977066,
    41.653861,
    41.452955,
    42.164368,
    41.847576,
    41.806189,
    41.730928,
    41.768266999999994,
    41.64013,
    42.031659999999995,
    42.017756000000006,
    42.372701,
    42.170770000000005,
    42.16755,
    42.27981,
    42.323824,
    42.354296,
    42.616930999999994,
    42.06994
  ],
  "prompt_ms": 70.837476
}