{
  "generation_tokens": 19,
  "latencies_ms": [
    69.260162,
    42.010512,
    41.906888,
    41.705504999999995,
    41.764419999999994,
    42.000823,
    42.081626,
    43.201328,
    41.764965000000004,
    41.813213000000005,
    41.857179,
    41.952889,
    42.093588000000004,
    42.099915,
    42.007017,
    42.190183,
    42.11745,
    42.449248000000004,
    42.197499,
    42.263008
  ],
  "prompt_ms": 69.260162
}