{
  "generation_tokens": 19,
  "latencies_ms": [
    70.586402,
    44.279959,
    43.312058,
    43.926132,
    43.455905,
    42.911166,
    43.061849,
    42.895430999999995,
    42.694784999999996,
    42.756547,
    42.906901,
    43.061785,
    43.679142999999996,
    42.879559,
    42.906701,
    42.521067,
    42.547658000000006,
    41.943602000000006,
    42.162043000000004,
    42.155727
  ],
  "prompt_ms": 70.586402
}