{
  "generation_tokens": 19,
  "latencies_ms": [
    69.79940699999999,
    42.270087,
    42.498216,
    42.015994,
    42.006259,
    42.57371,
    42.50676,
    42.239273000000004,
    42.245273,
    42.24306,
    42.299724,
    42.227893,
    42.460253,
    42.227986,
    42.207493,
    42.291125,
    42.027108,
    42.056924,
    41.947196999999996,
    42.11338
  ],
  "prompt_ms": 69.79940699999999
}