{
  "generation_tokens": 19,
  "latencies_ms": [
    74.94408800000001,
    41.893505999999995,
    41.224891,
    41.860093,
    41.730991,
    42.445315,
    41.982955000000004,
    41.711771,
    41.877665,
    41.690706,
    41.695238,
    41.68109,
    41.528951,
    41.497008,
    41.404604,
    41.856861,
    42.154265,
    41.911323,
    42.068249,
    42.213787
  ],
  "prompt_ms": 74.94408800000001
}