{
  "generation_tokens": 19,
  "latencies_ms": [
    75.046779,
    41.919508,
    41.299893999999995,
    41.323703,
    41.355163,
    41.14581,
    41.089216,
    41.037724,
    41.495218,
    40.613101,
    41.207952,
    40.780471999999996,
    40.795306000000004,
    40.65014,
    40.665762,
    40.49358,
    40.608107999999994,
    41.120208999999996,
    40.849692,
    41.249862
  ],
  "prompt_ms": 75.046779
}