{
  "generation_tokens": 19,
  "latencies_ms": [
    75.07615600000001,
    41.828939000000005,
    41.508677,
    41.529088,
    40.983951999999995,
    40.64952,
    40.799865,
    41.049137,
    41.076771,
    40.908835999999994,
    40.706287,
    40.847673,
    40.757258,
    40.949701999999995,
    41.297181,
    40.747453,
    40.810081999999994,
    41.119443,
    40.978384999999996,
    40.845863
  ],
  "prompt_ms": 75.07615600000001
}