{
  "generation_tokens": 19,
  "latencies_ms": [
    77.31184,
    41.691463999999996,
    41.419261999999996,
    41.249822,
    41.692459,
    41.839675,
    41.155288,
    41.455058,
    41.284775,
    41.279652,
    41.287262,
    41.224339,
    41.021771,
    40.723804,
    40.574295000000006,
    40.42789,
    40.802295,
    40.600245,
    40.480562,
    40.555071
  ],
  "prompt_ms": 77.31184
}