{
  "generation_tokens": 19,
  "latencies_ms": [
    75.344729,
    41.909256,
    41.410843,
    41.458767,
    40.911894,
    40.884649,
    40.999089000000005,
    40.935584,
    40.99075,
    40.84342,
    41.226357,
    42.130102,
    41.520685,
    41.653537,
    41.568458,
    41.56443,
    41.466953000000004,
    41.240184,
    41.199177,
    41.218082
  ],
  "prompt_ms": 75.344729
}