{
  "generation_tokens": 49,
  "latencies_ms": [
    89.274304,
    44.432451,
    44.837545999999996,
    44.949277,
    44.687822000000004,
    44.424079,
    44.340393,
    44.132417,
    43.988375000000005,
    44.697313,
    44.723114,
    44.453720000000004,
    45.194695,
    44.437869,
    44.151821,
    44.948027,
    44.408117,
    44.661868,
    45.14826,
    46.757272,
    45.716637,
    46.013802,
    46.138272,
    45.435682,
    45.800324,
    45.554957,
    46.034248,
    45.508312000000004,
    45.336766,
    45.644178000000004,
    45.263564,
    46.315039,
    45.972956,
    46.896675,
    45.895627000000005,
    46.550456,
    45.417819,
    46.75736199999999,
    45.46137,
    45.355126000000006,
    45.732431,
    46.405203,
    46.555076,
    46.090517,
    46.371837,
    45.544824,
    45.0029,
    44.86168,
    45.340847,
    45.245501
  ],
  "prompt_ms": 89.274304
}