{
  "generation_tokens": 49,
  "latencies_ms": [
    84.44984099999999,
    42.237747999999996,
    41.900295,
    41.718387,
    41.692755999999996,
    42.111119,
    41.552587,
    42.008594,
    41.751273,
    44.439996,
    42.826578999999995,
    41.971382,
    42.18535000000001,
    41.968661,
    42.767595,
    42.270107,
    42.050881999999994,
    42.443374999999996,
    42.37336,
    42.437656999999994,
    42.800948999999996,
    42.578055,
    42.035859,
    42.245611000000004,
    42.160871,
    42.581084,
    41.79819,
    41.584054,
    41.982077,
    42.447907,
    42.402544,
    41.911214,
    43.046174,
    42.098195,
    42.128715,
    41.891541,
    42.052061,
    41.866217,
    42.277217,
    42.383848,
    42.489503,
    41.89751,
    42.244136000000005,
    41.777543,
    41.660625,
    41.559091,
    42.073899999999995,
    41.747637,
    42.200269,
    42.042683999999994
  ],
  "prompt_ms": 84.44984099999999
}