{
  "generation_tokens": 49,
  "latencies_ms": [
    88.823589,
    44.230178,
    44.013784,
    43.552856,
    43.634937,
    43.855946,
    43.713167999999996,
    43.945538,
    43.818484,
    44.33369999999999,
    43.85232,
    43.58343,
    43.914718,
    43.641351,
    43.875634,
    43.456956,
    43.855978,
    43.349703000000005,
    43.52278,
    43.747743,
    44.520365999999996,
    44.513313,
    44.833109,
    44.072928999999995,
    44.44117,
    44.151641999999995,
    44.48366,
    44.559291,
    44.718234,
    44.307716,
    44.300835,
    43.800528,
    44.137909,
    44.278923999999996,
    44.344215,
    44.277323,
    43.830625,
    44.195721,
    43.991414999999996,
    44.13823,
    44.225277,
    44.614815,
    44.439765,
    44.737654,
    44.312405999999996,
    46.279917,
    44.802046999999995,
    44.537205,
    43.98039,
    44.335933000000004
  ],
  "prompt_ms": 88.823589
}