{
  "generation_tokens": 19,
  "latencies_ms": [
    99.64167499999999,
    43.669303,
    45.435987999999995,
    44.615531,
    45.152164,
    44.869717,
    44.895828,
    44.254038,
    44.427111,
    45.178701000000004,
    45.417545,
    45.316795,
    45.53893,
    45.752964999999996,
    45.227723,
    45.138695999999996,
    45.341647,
    46.411778,
    46.146574,
    46.190866
  ],
  "prompt_ms": 99.64167499999999
}