{
  "generation_tokens": 19,
  "latencies_ms": [
    96.633779,
    44.549969000000004,
    45.770694,
    45.360708,
    46.0384,
    45.559892999999995,
    45.839645999999995,
    45.976792,
    46.200452000000006,
    45.049721,
    45.85087,
    46.071984,
    45.219619,
    44.531901,
    44.999311999999996,
    45.225955,
    45.143146,
    45.651298,
    45.730063,
    45.501825000000004
  ],
  "prompt_ms": 96.633779
}