{
  "generation_tokens": 19,
  "latencies_ms": [
    91.654506,
    41.832032,
    41.891194,
    41.958118000000006,
    42.584252000000006,
    42.157629,
    42.565855,
    42.898449,
    42.627443,
    42.508377,
    42.019068,
    41.605788999999994,
    41.408654000000006,
    42.091684,
    41.99716,
    41.603544,
    41.910093,
    41.879414,
    41.875654999999995,
    41.656451
  ],
  "prompt_ms": 91.654506
}